Workbook

Sheet Sobre
A1: Plano de Testes: Contacts API
A2: Testes Funcionais e de API em uma Aplicação Web Full Stack Hospedada em Nuvem
A4: Documento de apoio ao TCC.
A5: Última atualização: 7 de outubro de 2026
A8: Como usar este arquivo
A9: 1. A aba "Requisitos e Critérios" lista o que o sistema deve fazer e como sabemos que cada requisito foi atendido.
A10: 2. A aba "Casos de Teste" detalha cada teste executado (ou planejado), com passos, resultado esperado, resultado obtido e status.
A11: 3. A aba "Matriz de Rastreabilidade" mostra quais casos de teste verificam cada requisito, calculada automaticamente a partir da aba "Casos de Teste".
A12: 4. A aba "Resumo" traz métricas calculadas automaticamente a partir da aba de Casos de Teste (não editar as fórmulas).
A14: Convenção de status
A15: Aprovado: o teste foi executado e o resultado obtido corresponde ao esperado.
A16: Reprovado: o teste foi executado e um defeito real foi identificado (nenhum caso nesta versão).
... A20: Nenhum resultado apresentado neste documento foi inventado. Casos ainda não executados estão explicitamente marcados como "Não executado", nunca preenchidos com um resultado fictício.

Sheet Requisitos e Critérios
A1: ID | B1: Requisito | C1: Descrição | D1: Critérios de aceitação
A2: RF01 | B2: Cadastro de contato | C2: O sistema deve permitir criar um novo contato com nome, e-mail, telefone e categoria. | D2: Campos nome, e-mail e telefone são obrigatórios; e-mail deve seguir um formato válido; categoria aceita apenas "personal" ou "work"; requisição válida retorna código 201 com o contato criado.
A3: RF02 | B3: Listagem de contatos | C3: O sistema deve retornar todos os contatos cadastrados do usuário autenticado. | D3: Requisição autenticada retorna código 200 com a lista de contatos em formato JSON.
A4: RF03 | B4: Edição de contato | C4: O sistema deve permitir atualizar os dados de um contato existente. | D4: As mesmas validações de RF01 se aplicam a edição; contato inexistente retorna código 404; edição válida retorna código 200 com os dados atualizados.
A5: RF04 | B5: Exclusão de contato | C5: O sistema deve permitir excluir um contato existente. | D5: Exclusão válida retorna código 200 com mensagem de confirmação; excluir um contato já excluído (ou inexistente) retorna código 404.
A6: RF05 | B6: Registro de usuário | C6: O sistema deve permitir criar uma conta de usuário com e-mail e senha. | D6: E-mail e senha são obrigatórios; e-mail deve ser único no sistema; a senha é armazenada apenas em formato criptografado (hash); registro válido retorna código 201.
A7: RF06 | B7: Login | C7: O sistema deve autenticar um usuário existente e devolver um token de acesso. | D7: Credenciais válidas retornam código 200 com um token JWT válido por 1 hora; credenciais inválidas (e-mail inexistente ou senha incorreta) retornam a mesma mensagem genérica de erro, com código 401.
A8: RF07 | B8: Proteção das rotas de contato | C8: As rotas de contato devem ser acessíveis apenas mediante token válido. | D8: Requisição sem token retorna código 401; requisição com token inválido ou expirado retorna código 403; requisição com token válido tem acesso normal.
A9: RF08 | B9: Interface visual do sistema | C9: O sistema deve oferecer uma interface web para login e gerenciamento de contatos (criar, listar, editar, excluir). | D9: Todas as quatro operações de CRUD devem estar disponiveis e funcionais diretamente pela interface, sem necessidade de ferramentas externas.

Sheet Casos de Teste
A1: ID | B1: Requisito | C1: Tipo | D1: Título do caso | E1: Pré-condições | F1: Passos | G1: Resultado esperado | H1: Resultado obtido | I1: Status | J1: Evidência | K1: Data | L1: Automação
A2: TC-01 | B2: RF01 | C2: API | D2: Criar contato com dados válidos | E2: Usuário autenticado (token válido) | F2: 1. Enviar POST /contacts com name, email, phone e category válidos. | G2: Código 201; corpo da resposta contem o contato criado, incluindo _id, createdAt e updatedAt. | H2: Código 201 retornado; contato salvo corretamente no MongoDB Atlas. | I2: Aprovado | J2: Registro de Desenvolvimento, Figura 4 | K2: 31/08/2026 | L2: Automatizado (Cypress) - cypress/e2e/contacts_api.cy.js
A3: TC-02 | B3: RF02 | C3: API | D3: Listar contatos existentes | E3: Usuário autenticado; ao menos um contato cadastrado | F3: 1. Enviar GET /contacts. | G3: Código 200; corpo da resposta contem a lista de contatos do usuário. | H3: Código 200 retornado; lista de contatos exibida corretamente. | I3: Aprovado | J3: Registro de Desenvolvimento, Figura 5 | K3: 31/08/2026 | L3: Manual
A4: TC-03 | B4: RF03 | C4: API | D4: Editar contato existente com dados válidos | E4: Contato existente; usuário autenticado | F4: 1. Enviar PUT /contacts/:id com um ou mais campos válidos a atualizar. | G4: Código 200; corpo da resposta contem o contato com os dados atualizados. | H4: Código 200 retornado após correção do identificador utilizado na URL; dados atualizados corretamente. | I4: Aprovado | J4: Registro de Desenvolvimento, Seção Tarefa 6 | K4: 31/08/2026 | L4: Manual
A5: TC-04 | B5: RF04 | C5: API | D5: Excluir contato existente | E5: Contato existente; usuário autenticado | F5: 1. Enviar DELETE /contacts/:id de um contato existente. | G5: Código 200; mensagem de confirmação de exclusão. | H5: Código 200 retornado; contato removido do banco de dados. | I5: Aprovado | J5: Registro de Desenvolvimento, Seção Tarefa 6 | K5: 31/08/2026 | L5: Manual
A6: TC-05 | B6: RF04 | C6: API | D6: Excluir contato já excluído (teste negativo) | E6: Contato previamente excluído | F6: 1. Repetir DELETE /contacts/:id utilizando o mesmo identificador de um contato já excluído. | G6: Código 404; mensagem informando que o contato não foi encontrado. | H6: Código 404 retornado corretamente, com a mensagem "Contact not found". | I6: Aprovado | J6: Registro de Desenvolvimento, Figura 7 | K6: 31/08/2026 | L6: Manual
A7: TC-06 | B7: RF07 | C7: API | D7: Acessar rota de contatos sem token (teste negativo) | E7: Nenhum token informado na requisição | F7: 1. Enviar GET /contacts sem o cabeçalho Authorization. | G7: Código 401; mensagem informando que o token de acesso é obrigatório. | H7: Código 401 retornado corretamente, com a mensagem "Access token is required". | I7: Aprovado | J7: Registro de Desenvolvimento, Seção Tarefa 8 | K7: 01/09/2026 | L7: Automatizado (Cypress) - cypress/e2e/contacts_negative.cy.js
A8: TC-07 | B8: RF07 | C8: API | D8: Acessar rota de contatos com token válido | E8: Token válido obtido via login | F8: 1. Enviar GET /contacts com o cabeçalho Authorization: Bearer <token válido>. | G8: Código 200; lista de contatos retornada normalmente. | H8: Código 200 retornado; acesso restabelecido corretamente após anexar o token. | I8: Aprovado | J8: Registro de Desenvolvimento, Figura 9 | K8: 01/09/2026 | L8: Automatizado (Cypress) - cypress/e2e/contacts_api.cy.js
A9: TC-08 | B9: RF05 | C9: API | D9: Registrar usuário com e-mail já existente (teste negativo) | E9: Usuário com o mesmo e-mail já cadastrado | F9: 1. Enviar POST /auth/register reutilizando um e-mail já cadastrado. | G9: Erro de duplicidade (código de erro do MongoDB refletido como falha na criação); usuário não deve ser duplicado. | H9: Código 400 retornado; erro de chave duplicada do MongoDB (E11000 duplicate key error, email_1 dup key). Observação: a mensagem retornada expoe o erro interno do banco de dados diretamente ao consumidor da API, em vez de uma mensagem de negócio amigável (ex.: "Email already registered"), registrado como ponto de melhoria a discutir no trabalho. | I9: Aprovado | J9: Registro de Desenvolvimento, Seção QA | K9: 07/09/2026 | L9: Manual
A10: TC-09 | B10: RF01 | C10: API | D10: Criar contato com e-mail em formato inválido (teste negativo) | E10: Usuário autenticado | F10: 1. Enviar POST /contacts com um valor de email sem o formato básico (ex.: "emailinvalido"). | G10: Código 400; mensagem de erro de validação do campo email. | H10: Código 400 retornado; mensagem "Contact validation failed: email: Invalid email format". | I10: Aprovado | J10: Registro de Desenvolvimento, Seção QA | K10: 07/09/2026 | L10: Automatizado (Cypress) - cypress/e2e/contacts_negative.cy.js
A11: TC-10 | B11: RF01 | C11: API | D11: Criar contato sem campo obrigatório (teste negativo) | E11: Usuário autenticado | F11: 1. Enviar POST /contacts omitindo o campo name. | G11: Código 400; mensagem de erro informando que o nome é obrigatório. | H11: Código 400 retornado; mensagem "Contact validation failed: name: Name is required". | I11: Aprovado | J11: Registro de Desenvolvimento, Seção QA | K11: 07/09/2026 | L11: Automatizado (Cypress) - cypress/e2e/contacts_negative.cy.js
A12: TC-11 | B12: RF08 | C12: Funcional (interface) | D12: Criar contato pelo formulário da interface | E12: Usuário logado na interface React | F12: 1. Preencher o formulário com nome, e-mail, telefone e categoria. 2. Clicar em "Add contact". | G12: O novo contato aparece na lista, sem necessidade de recarregar a página. | H12: Contato "Third User" criado e exibido corretamente na lista após o envio. | I12: Aprovado | J12: Registro de Desenvolvimento, Figuras 10 e 11 | K12: 03/09/2026 | L12: Manual
... A17: TC-16 | B17: RF07 | C17: API | D17: Acessar rota protegida com token inválido (proxy do teste de expiração) | E17: Token deliberadamente inválido informado no cabeçalho Authorization | F17: 1. Enviar GET /contacts com um token inválido (ex.: "tokeninvalido123") no lugar de um token real. | G17: Código 403; mensagem informando token inválido ou expirado. | H17: Código 403 retornado corretamente, com a mensagem "Invalid or expired token". Observação: este teste validou o mesmo bloco de código (catch do jwt.verify) que também trata tokens expirados, pois ambos os casos compartilham o mesmo tratamento de erro. O cenário específico de expiração por decurso real de 1 hora ainda não foi executado de forma isolada. | I17: Aprovado (validação por equivalência de código) | J17: Registro de Desenvolvimento, Seção QA | K17: 07/09/2026 | L17: Manual

Sheet Matriz de Rastreabilidade
A1: ID | B1: Requisito | C1: Caso de teste | D1: Título do caso | E1: Tipo | F1: Execução | G1: Status
A2: ='Requisitos e Critérios'!A2 -> RF01 | B2: ='Requisitos e Critérios'!B2 -> Cadastro de contato | C2: TC-01 | D2: =INDEX('Casos de Teste'!$D$2:$D$17,MATCH($C2,'Casos de Teste'!$A$2:$A$17,0)) -> Criar contato com dados válidos | E2: =INDEX('Casos de Teste'!$C$2:$C$17,MATCH($C2,'Casos de Teste'!$A$2:$A$17,0)) -> API | F2: =IF(ISNUMBER(SEARCH("Autom",INDEX('Casos de Teste'!$L$2:$L$17,MATCH($C2,'Casos de Teste'!$A$2:$A$17,0)))),"Automatizado","Manual") -> Automatizado | G2: =INDEX('Casos de Teste'!$I$2:$I$17,MATCH($C2,'Casos de Teste'!$A$2:$A$17,0)) -> Aprovado
C3: TC-09 | D3: =INDEX('Casos de Teste'!$D$2:$D$17,MATCH($C3,'Casos de Teste'!$A$2:$A$17,0)) -> Criar contato com e-mail em formato inválido (teste negativo) | E3: =INDEX('Casos de Teste'!$C$2:$C$17,MATCH($C3,'Casos de Teste'!$A$2:$A$17,0)) -> API | F3: =IF(ISNUMBER(SEARCH("Autom",INDEX('Casos de Teste'!$L$2:$L$17,MATCH($C3,'Casos de Teste'!$A$2:$A$17,0)))),"Automatizado","Manual") -> Automatizado | G3: =INDEX('Casos de Teste'!$I$2:$I$17,MATCH($C3,'Casos de Teste'!$A$2:$A$17,0)) -> Aprovado
C4: TC-10 | D4: =INDEX('Casos de Teste'!$D$2:$D$17,MATCH($C4,'Casos de Teste'!$A$2:$A$17,0)) -> Criar contato sem campo obrigatório (teste negativo) | E4: =INDEX('Casos de Teste'!$C$2:$C$17,MATCH($C4,'Casos de Teste'!$A$2:$A$17,0)) -> API | F4: =IF(ISNUMBER(SEARCH("Autom",INDEX('Casos de Teste'!$L$2:$L$17,MATCH($C4,'Casos de Teste'!$A$2:$A$17,0)))),"Automatizado","Manual") -> Automatizado | G4: =INDEX('Casos de Teste'!$I$2:$I$17,MATCH($C4,'Casos de Teste'!$A$2:$A$17,0)) -> Aprovado
A5: ='Requisitos e Critérios'!A3 -> RF02 | B5: ='Requisitos e Critérios'!B3 -> Listagem de contatos | C5: TC-02 | D5: =INDEX('Casos de Teste'!$D$2:$D$17,MATCH($C5,'Casos de Teste'!$A$2:$A$17,0)) -> Listar contatos existentes | E5: =INDEX('Casos de Teste'!$C$2:$C$17,MATCH($C5,'Casos de Teste'!$A$2:$A$17,0)) -> API | F5: =IF(ISNUMBER(SEARCH("Autom",INDEX('Casos de Teste'!$L$2:$L$17,MATCH($C5,'Casos de Teste'!$A$2:$A$17,0)))),"Automatizado","Manual") -> Manual | G5: =INDEX('Casos de Teste'!$I$2:$I$17,MATCH($C5,'Casos de Teste'!$A$2:$A$17,0)) -> Aprovado
A6: ='Requisitos e Critérios'!A4 -> RF03 | B6: ='Requisitos e Critérios'!B4 -> Edição de contato | C6: TC-03 | D6: =INDEX('Casos de Teste'!$D$2:$D$17,MATCH($C6,'Casos de Teste'!$A$2:$A$17,0)) -> Editar contato existente com dados válidos | E6: =INDEX('Casos de Teste'!$C$2:$C$17,MATCH($C6,'Casos de Teste'!$A$2:$A$17,0)) -> API | F6: =IF(ISNUMBER(SEARCH("Autom",INDEX('Casos de Teste'!$L$2:$L$17,MATCH($C6,'Casos de Teste'!$A$2:$A$17,0)))),"Automatizado","Manual") -> Manual | G6: =INDEX('Casos de Teste'!$I$2:$I$17,MATCH($C6,'Casos de Teste'!$A$2:$A$17,0)) -> Aprovado
A7: ='Requisitos e Critérios'!A5 -> RF04 | B7: ='Requisitos e Critérios'!B5 -> Exclusão de contato | C7: TC-04 | D7: =INDEX('Casos de Teste'!$D$2:$D$17,MATCH($C7,'Casos de Teste'!$A$2:$A$17,0)) -> Excluir contato existente | E7: =INDEX('Casos de Teste'!$C$2:$C$17,MATCH($C7,'Casos de Teste'!$A$2:$A$17,0)) -> API | F7: =IF(ISNUMBER(SEARCH("Autom",INDEX('Casos de Teste'!$L$2:$L$17,MATCH($C7,'Casos de Teste'!$A$2:$A$17,0)))),"Automatizado","Manual") -> Manual | G7: =INDEX('Casos de Teste'!$I$2:$I$17,MATCH($C7,'Casos de Teste'!$A$2:$A$17,0)) -> Aprovado
C8: TC-05 | D8: =INDEX('Casos de Teste'!$D$2:$D$17,MATCH($C8,'Casos de Teste'!$A$2:$A$17,0)) -> Excluir contato já excluído (teste negativo) | E8: =INDEX('Casos de Teste'!$C$2:$C$17,MATCH($C8,'Casos de Teste'!$A$2:$A$17,0)) -> API | F8: =IF(ISNUMBER(SEARCH("Autom",INDEX('Casos de Teste'!$L$2:$L$17,MATCH($C8,'Casos de Teste'!$A$2:$A$17,0)))),"Automatizado","Manual") -> Manual | G8: =INDEX('Casos de Teste'!$I$2:$I$17,MATCH($C8,'Casos de Teste'!$A$2:$A$17,0)) -> Aprovado
A9: ='Requisitos e Critérios'!A6 -> RF05 | B9: ='Requisitos e Critérios'!B6 -> Registro de usuário | C9: TC-08 | D9: =INDEX('Casos de Teste'!$D$2:$D$17,MATCH($C9,'Casos de Teste'!$A$2:$A$17,0)) -> Registrar usuário com e-mail já existente (teste negativo) | E9: =INDEX('Casos de Teste'!$C$2:$C$17,MATCH($C9,'Casos de Teste'!$A$2:$A$17,0)) -> API | F9: =IF(ISNUMBER(SEARCH("Autom",INDEX('Casos de Teste'!$L$2:$L$17,MATCH($C9,'Casos de Teste'!$A$2:$A$17,0)))),"Automatizado","Manual") -> Manual | G9: =INDEX('Casos de Teste'!$I$2:$I$17,MATCH($C9,'Casos de Teste'!$A$2:$A$17,0)) -> Aprovado
A10: ='Requisitos e Critérios'!A7 -> RF06 | B10: ='Requisitos e Critérios'!B7 -> Login | C10: TC-14 | D10: =INDEX('Casos de Teste'!$D$2:$D$17,MATCH($C10,'Casos de Teste'!$A$2:$A$17,0)) -> Login pela interface com credenciais válidas | E10: =INDEX('Casos de Teste'!$C$2:$C$17,MATCH($C10,'Casos de Teste'!$A$2:$A$17,0)) -> Funcional (interface) | F10: =IF(ISNUMBER(SEARCH("Autom",INDEX('Casos de Teste'!$L$2:$L$17,MATCH($C10,'Casos de Teste'!$A$2:$A$17,0)))),"Automatizado","Manual") -> Automatizado | G10: =INDEX('Casos de Teste'!$I$2:$I$17,MATCH($C10,'Casos de Teste'!$A$2:$A$17,0)) -> Aprovado
C11: TC-15 | D11: =INDEX('Casos de Teste'!$D$2:$D$17,MATCH($C11,'Casos de Teste'!$A$2:$A$17,0)) -> Login pela interface com credenciais inválidas (teste negativo) | E11: =INDEX('Casos de Teste'!$C$2:$C$17,MATCH($C11,'Casos de Teste'!$A$2:$A$17,0)) -> Funcional (interface) | F11: =IF(ISNUMBER(SEARCH("Autom",INDEX('Casos de Teste'!$L$2:$L$17,MATCH($C11,'Casos de Teste'!$A$2:$A$17,0)))),"Automatizado","Manual") -> Manual | G11: =INDEX('Casos de Teste'!$I$2:$I$17,MATCH($C11,'Casos de Teste'!$A$2:$A$17,0)) -> Aprovado
A12: ='Requisitos e Critérios'!A8 -> RF07 | B12: ='Requisitos e Critérios'!B8 -> Proteção das rotas de contato | C12: TC-06 | D12: =INDEX('Casos de Teste'!$D$2:$D$17,MATCH($C12,'Casos de Teste'!$A$2:$A$17,0)) -> Acessar rota de contatos sem token (teste negativo) | E12: =INDEX('Casos de Teste'!$C$2:$C$17,MATCH($C12,'Casos de Teste'!$A$2:$A$17,0)) -> API | F12: =IF(ISNUMBER(SEARCH("Autom",INDEX('Casos de Teste'!$L$2:$L$17,MATCH($C12,'Casos de Teste'!$A$2:$A$17,0)))),"Automatizado","Manual") -> Automatizado | G12: =INDEX('Casos de Teste'!$I$2:$I$17,MATCH($C12,'Casos de Teste'!$A$2:$A$17,0)) -> Aprovado
C13: TC-07 | D13: =INDEX('Casos de Teste'!$D$2:$D$17,MATCH($C13,'Casos de Teste'!$A$2:$A$17,0)) -> Acessar rota de contatos com token válido | E13: =INDEX('Casos de Teste'!$C$2:$C$17,MATCH($C13,'Casos de Teste'!$A$2:$A$17,0)) -> API | F13: =IF(ISNUMBER(SEARCH("Autom",INDEX('Casos de Teste'!$L$2:$L$17,MATCH($C13,'Casos de Teste'!$A$2:$A$17,0)))),"Automatizado","Manual") -> Automatizado | G13: =INDEX('Casos de Teste'!$I$2:$I$17,MATCH($C13,'Casos de Teste'!$A$2:$A$17,0)) -> Aprovado
C14: TC-16 | D14: =INDEX('Casos de Teste'!$D$2:$D$17,MATCH($C14,'Casos de Teste'!$A$2:$A$17,0)) -> Acessar rota protegida com token inválido (proxy do teste de expiração) | E14: =INDEX('Casos de Teste'!$C$2:$C$17,MATCH($C14,'Casos de Teste'!$A$2:$A$17,0)) -> API | F14: =IF(ISNUMBER(SEARCH("Autom",INDEX('Casos de Teste'!$L$2:$L$17,MATCH($C14,'Casos de Teste'!$A$2:$A$17,0)))),"Automatizado","Manual") -> Manual | G14: =INDEX('Casos de Teste'!$I$2:$I$17,MATCH($C14,'Casos de Teste'!$A$2:$A$17,0)) -> Aprovado (validação por equivalência de código)
A15: ='Requisitos e Critérios'!A9 -> RF08 | B15: ='Requisitos e Critérios'!B9 -> Interface visual do sistema | C15: TC-11 | D15: =INDEX('Casos de Teste'!$D$2:$D$17,MATCH($C15,'Casos de Teste'!$A$2:$A$17,0)) -> Criar contato pelo formulário da interface | E15: =INDEX('Casos de Teste'!$C$2:$C$17,MATCH($C15,'Casos de Teste'!$A$2:$A$17,0)) -> Funcional (interface) | F15: =IF(ISNUMBER(SEARCH("Autom",INDEX('Casos de Teste'!$L$2:$L$17,MATCH($C15,'Casos de Teste'!$A$2:$A$17,0)))),"Automatizado","Manual") -> Manual | G15: =INDEX('Casos de Teste'!$I$2:$I$17,MATCH($C15,'Casos de Teste'!$A$2:$A$17,0)) -> Aprovado
C16: TC-12 | D16: =INDEX('Casos de Teste'!$D$2:$D$17,MATCH($C16,'Casos de Teste'!$A$2:$A$17,0)) -> Excluir contato pela interface, com confirmação | E16: =INDEX('Casos de Teste'!$C$2:$C$17,MATCH($C16,'Casos de Teste'!$A$2:$A$17,0)) -> Funcional (interface) | F16: =IF(ISNUMBER(SEARCH("Autom",INDEX('Casos de Teste'!$L$2:$L$17,MATCH($C16,'Casos de Teste'!$A$2:$A$17,0)))),"Automatizado","Manual") -> Manual | G16: =INDEX('Casos de Teste'!$I$2:$I$17,MATCH($C16,'Casos de Teste'!$A$2:$A$17,0)) -> Aprovado
C17: TC-13 | D17: =INDEX('Casos de Teste'!$D$2:$D$17,MATCH($C17,'Casos de Teste'!$A$2:$A$17,0)) -> Editar contato pela interface | E17: =INDEX('Casos de Teste'!$C$2:$C$17,MATCH($C17,'Casos de Teste'!$A$2:$A$17,0)) -> Funcional (interface) | F17: =IF(ISNUMBER(SEARCH("Autom",INDEX('Casos de Teste'!$L$2:$L$17,MATCH($C17,'Casos de Teste'!$A$2:$A$17,0)))),"Automatizado","Manual") -> Manual | G17: =INDEX('Casos de Teste'!$I$2:$I$17,MATCH($C17,'Casos de Teste'!$A$2:$A$17,0)) -> Aprovado
A19: Requisitos cobertos por pelo menos um caso de teste | E19: =SUMPRODUCT(--(COUNTIF($A$2:$A$17,'Requisitos e Critérios'!$A$2:$A$9)>0))&" / 8" -> 8 / 8
A21: Como ler: cada requisito aparece com a lista dos casos de teste que o verificam, um por linha. Título, tipo, execução e status são buscados automaticamente na aba "Casos de Teste".
A22: Observação sobre o RF02: o TC-02 foi executado com um único usuário. A separação dos contatos entre usuários diferentes não foi verificada por nenhum caso do plano.
A23: O cenário complementar TC-17 (fluxo completo da API no ambiente de produção) foi automatizado após a execução do plano e não integra esta matriz.

Sheet Resumo
A1: Resumo do Plano de Testes
A2: Calculado automaticamente a partir da aba "Casos de Teste"
A4: Total de casos de teste definidos | B4: =COUNTA('Casos de Teste'!A2:A17) -> 16
A5: Casos aprovados | B5: =COUNTIF('Casos de Teste'!I2:I17,"Aprovado*") -> 16
A6: Casos reprovados | B6: =COUNTIF('Casos de Teste'!I2:I17,"Reprovado") -> 0
A7: Casos ainda não executados | B7: =COUNTIF('Casos de Teste'!I2:I17,"Não executado") -> 0
A8: Taxa de aprovação entre os executados | B8: =IFERROR(B5/(B5+B6),0) -> 1
A9: Percentual do plano já executado | B9: =IFERROR((B5+B6)/B4,0) -> 1
A11: Nota
A12: Todos os 16 casos de teste planejados foram executados e aprovados. O caso TC-16 (token expirado) foi validado por equivalência de código, utilizando um token inválido para exercitar o mesmo bloco de tratamento de erro que trata tokens expirados, conforme detalhado na aba "Casos de Teste". Nenhum resultado foi presumido ou preenchido antecipadamente em nenhuma etapa deste plano, em conformidade com o principio de não invenção de dados adotado ao longo de todo o projeto.
A14: Casos automatizados (Cypress) | B14: =COUNTIF('Casos de Teste'!L2:L17,"Automatizado*") -> 6
A15: Percentual de automação do plano | B15: =IFERROR(B14/B4,0) -> 0.375
